review_id,gold_sentiment,llm_sentiment,llm_evidence,error_check
R001,positive,positive,"['An absolute masterpiece!', 'The acting, the cinematography, and the score all came together to create an unforgettable experience.', 'I will watch this again and again.']",Valid JSON
R002,positive,positive,"['Simply brilliant', 'One of the best films of the decade', 'stellar performance by the lead actor']",Valid JSON
R003,negative,negative,"['worst movie', 'Terrible plot', 'awful acting', 'complete waste of time and money']",Valid JSON
R004,negative,negative,"['An absolute disaster', 'I cannot believe someone funded this garbage', 'Do yourself a favor and avoid it']",Valid JSON
R005,negative,negative,"['not as good as the trailer made it out to be', 'Quite disappointing']",Valid JSON
R006,positive,positive,"['it was actually not bad at all', 'A pleasant surprise']",Valid JSON
R007,negative,negative,"['villain was never convincing', 'plot lacked any real tension']",Valid JSON
R008,negative,mixed,"['The visuals were absolutely stunning', 'but the storyline was incredibly weak and full of plot holes']",Valid JSON
R009,positive,mixed,"['I loved the acting and the soundtrack', 'but the pacing in the middle was so slow I almost fell asleep']",Valid JSON
R010,negative,mixed,"['A very uneven film.', 'The first half is a thrilling action ride, while the second half devolves into a boring melodrama.']",Valid JSON
R011,negative,mixed,"['starts off with a lot of promise', 'features some of the best CGI I have seen this year', 'ultimately falls flat', 'leaving the audience confused and detached from the main characters']",Valid JSON
R012,positive,positive,"I found the nostalgic homage perfectly executed, blending great choreography with just enough modern flair to keep it fresh and extremely entertaining.",Valid JSON
R013,neutral,mixed,"Well, that was certainly something.",Valid JSON
R014,neutral,neutral,Neither here nor there.,Valid JSON
R015,negative,negative,How completely original and groundbreaking,Valid JSON
R016,negative,negative,staring at a blank wall for two hours,Valid JSON
R017,negative,negative,made a high-speed car chase feel incredibly boring,Valid JSON
R018,positive,positive,"['on the edge of my seat', 'A brilliant thriller']",Valid JSON
R019,positive,positive,The lead actress carried the entire film on her shoulders.,Valid JSON
R020,negative,negative,"['Totally disjointed and messy', 'A huge letdown']",Valid JSON
